{"lp__": -2473.45, "beta_base_revenue": 0.827615, "beta_google_performance_max": 943.482, "param_A_google_performance_max": 1.88142, "param_B_google_performance_max": 867.547, "beta_google_search_brand": 943.635, "param_A_google_search_brand": 1.88016, "param_B_google_search_brand": 524.184, "beta_google_search_no_brand": 546.204, "param_A_google_search_no_brand": 1.17956, "param_B_google_search_no_brand": 607.126, "beta_facebook_conversions": 231.683, "param_A_facebook_conversions": 0.849053, "param_B_facebook_conversions": 468.68, "beta_facebook_others": 336.685, "param_A_facebook_others": 0.938052, "param_B_facebook_others": 495.095, "beta_facebook_product_catalog_sales": 952.421, "param_A_facebook_product_catalog_sales": 1.9004, "param_B_facebook_product_catalog_sales": 783.668, "beta_influencers": 287.944, "param_A_influencers": 0.916324, "param_B_influencers": 538.27, "beta_display_ads": 273.131, "param_A_display_ads": 0.885842, "param_B_display_ads": 483.767, "beta_tv_ads": 286.606, "param_A_tv_ads": 0.928982, "param_B_tv_ads": 470.455, "beta_radio_ads": 943.766, "param_A_radio_ads": 1.87877, "param_B_radio_ads": 306.774, "beta_magazine_ads": 377.472, "param_A_magazine_ads": 0.960708, "param_B_magazine_ads": 513.509, "sigma": 653.101, "mu[1]": 6110.15, "mu[2]": 5829.38, "mu[3]": 6353.48, "mu[4]": 6106.05, "mu[5]": 4960.54, "mu[6]": 5910.99, "mu[7]": 5439.71, "mu[8]": 6731.12, "mu[9]": 5650.27, "mu[10]": 6745.28, "mu[11]": 6177.59, "mu[12]": 8064.31, "mu[13]": 6044.51, "mu[14]": 7055.93, "mu[15]": 5669.82, "mu[16]": 7711.18, "mu[17]": 8082.87, "mu[18]": 6349.92, "mu[19]": 7469.22, "mu[20]": 9048.58, "mu[21]": 8318.59, "mu[22]": 7282.54, "mu[23]": 7426.38, "mu[24]": 8072.63, "mu[25]": 9613.76, "mu[26]": 6539.78, "mu[27]": 8156.28, "mu[28]": 7557.65, "mu[29]": 8803.48, "mu[30]": 7600.42, "mu[31]": 7747.27, "mu[32]": 6224.8, "mu[33]": 5288.88, "mu[34]": 6372.99, "mu[35]": 7193.69, "mu[36]": 6550.58, "mu[37]": 7667.15, "mu[38]": 5883.56, "mu[39]": 5312.08, "mu[40]": 5425.7, "mu[41]": 7562.69, "mu[42]": 7258.9, "mu[43]": 5322.86, "mu[44]": 6500.08, "mu[45]": 7523.17, "mu[46]": 7028.09, "mu[47]": 8142.45, "mu[48]": 6732.47, "mu[49]": 6946.72, "mu[50]": 8408.32, "mu[51]": 7164.67, "mu[52]": 8564.26, "mu[53]": 8363.76, "mu[54]": 8910.39, "mu[55]": 9137.38, "mu[56]": 7500.02, "mu[57]": 9485.66, "mu[58]": 7743.4, "mu[59]": 8028.93, "mu[60]": 4890.94, "mu[61]": 5708.35, "mu[62]": 6336.21, "mu[63]": 7463.56, "mu[64]": 5691.03, "mu[65]": 5369.04, "mu[66]": 7327.07, "mu[67]": 7406.93, "mu[68]": 6900.85, "mu[69]": 6583.08, "mu[70]": 7760.28, "mu[71]": 7016.07, "mu[72]": 7157.14, "mu[73]": 6370.36, "mu[74]": 7320.41, "mu[75]": 7371.05, "mu[76]": 8632.07, "mu[77]": 7985.68, "mu[78]": 7092.85, "mu[79]": 6648.57, "mu[80]": 8575.34, "mu[81]": 6812.51, "mu[82]": 9033.06, "mu[83]": 8060.47, "mu[84]": 9562.92, "mu[85]": 9527.65, "mu[86]": 7279.39, "mu[87]": 7873.3, "mu[88]": 8641.59, "mu[89]": 7795.66, "mu[90]": 8910.89, "mu[91]": 6713.55, "mu[92]": 7387.74, "mu[93]": 6412.97, "mu[94]": 4846.14, "mu[95]": 6519.87, "mu[96]": 5396.47, "mu[97]": 8149.29, "mu[98]": 6949.5, "mu[99]": 6569.48, "mu[100]": 7001.8, "mu[101]": 7792.23, "mu[102]": 6926.44, "mu[103]": 6933.39, "mu[104]": 6991.72, "mu[105]": 8465.21, "mu[106]": 5836.54, "mu[107]": 8349.86, "mu[108]": 7835.91, "mu[109]": 8034.06, "mu[110]": 8899.2, "mu[111]": 7072.93, "mu[112]": 9715.14, "mu[113]": 8046.53, "mu[114]": 8438.65, "mu[115]": 6821.34, "mu[116]": 8900.38, "mu[117]": 7248.1, "mu[118]": 8338.8, "mu[119]": 8546.89, "mu[120]": 7181.24, "mu[121]": 6036.97, "mu[122]": 6023.3, "mu[123]": 7311.08, "mu[124]": 7317.24, "mu[125]": 6714.0, "mu[126]": 7211.14, "mu[127]": 6569.83, "mu[128]": 8247.06, "mu[129]": 7591.98, "mu[130]": 7124.11, "mu[131]": 7191.44, "mu[132]": 7287.82, "mu[133]": 8737.01, "mu[134]": 9530.86, "mu[135]": 8136.04, "mu[136]": 8549.61, "mu[137]": 8659.65, "mu[138]": 9248.35, "mu[139]": 8329.69, "mu[140]": 8713.2, "mu[141]": 7279.28, "mu[142]": 8454.25, "mu[143]": 7270.08, "mu[144]": 10580.8, "mu[145]": 8102.01, "mu[146]": 8145.08, "mu[147]": 9109.97, "mu[148]": 7297.92, "mu[149]": 8654.85, "mu[150]": 8455.63, "mu[151]": 7902.8, "mu[152]": 5618.39, "mu[153]": 5584.25, "mu[154]": 6119.8, "mu[155]": 6702.81, "mu[156]": 9216.25, "mu[157]": 6618.2, "mu[158]": 7766.35, "mu[159]": 7601.43, "mu[160]": 6490.15, "mu[161]": 9019.18, "mu[162]": 7364.15, "mu[163]": 7647.16, "mu[164]": 8824.34, "mu[165]": 8296.97, "mu[166]": 8325.38, "mu[167]": 7726.93, "mu[168]": 7887.33, "mu[169]": 8716.75, "mu[170]": 8081.29, "mu[171]": 6947.75, "mu[172]": 8522.41, "mu[173]": 8718.41, "mu[174]": 7588.14, "mu[175]": 7362.87, "mu[176]": 8846.91, "mu[177]": 9476.74, "mu[178]": 7855.33, "mu[179]": 7799.64, "mu[180]": 7947.29, "mu[181]": 9347.0, "mu[182]": 6969.47, "mu[183]": 8107.35, "mu[184]": 7298.96, "mu[185]": 5995.23, "mu[186]": 8338.38, "mu[187]": 7321.98, "mu[188]": 8149.32, "mu[189]": 8390.82, "mu[190]": 7096.54, "mu[191]": 8170.16, "mu[192]": 6491.49, "mu[193]": 8182.07, "mu[194]": 6502.43, "mu[195]": 8276.58, "mu[196]": 8038.2, "mu[197]": 6564.07, "mu[198]": 8199.09, "mu[199]": 7709.35, "mu[200]": 7784.88, "mu[201]": 8407.12, "mu[202]": 8316.41, "mu[203]": 8194.1, "mu[204]": 7600.1, "mu[205]": 7974.88, "mu[206]": 8184.87, "mu[207]": 7637.58, "mu[208]": 8258.84, "mu[209]": 8263.35, "mu[210]": 9636.72, "mu[211]": 8006.1, "mu[212]": 9101.01, "mu[213]": 5405.38, "mu[214]": 5636.56, "mu[215]": 7869.39, "mu[216]": 6318.87, "mu[217]": 7727.29, "mu[218]": 8368.0, "mu[219]": 7721.85, "mu[220]": 8450.7, "mu[221]": 7791.99, "mu[222]": 7199.3, "mu[223]": 6967.54, "mu[224]": 7280.35, "mu[225]": 8007.22, "mu[226]": 7507.55, "mu[227]": 9101.16, "mu[228]": 8621.39, "mu[229]": 8862.22, "mu[230]": 8333.74, "mu[231]": 7308.02, "mu[232]": 9771.32, "mu[233]": 8121.15, "mu[234]": 8775.4, "mu[235]": 9341.52, "mu[236]": 10396.3, "mu[237]": 8928.13, "mu[238]": 8354.25, "mu[239]": 8906.84, "mu[240]": 8938.26, "mu[241]": 7830.67, "mu[242]": 8536.62, "mu[243]": 9919.02, "mu[244]": 7410.71, "mu[245]": 5659.04, "mu[246]": 7377.63, "mu[247]": 7691.1, "mu[248]": 7061.19, "mu[249]": 8361.44, "mu[250]": 7414.81, "mu[251]": 8164.05, "mu[252]": 6898.95, "mu[253]": 6828.78, "mu[254]": 9175.37, "mu[255]": 8515.85, "mu[256]": 8377.63, "mu[257]": 10659.6, "mu[258]": 8915.6, "mu[259]": 6954.53, "mu[260]": 7694.22, "mu[261]": 7355.27, "mu[262]": 9476.25, "mu[263]": 8501.54, "mu[264]": 9223.84, "mu[265]": 8962.24, "mu[266]": 10918.9, "mu[267]": 9058.22, "mu[268]": 7183.34, "mu[269]": 7587.78, "mu[270]": 8466.66, "mu[271]": 8777.42, "mu[272]": 7883.01, "mu[273]": 7277.8, "mu[274]": 8933.95, "mu[275]": 8177.1, "mu[276]": 9879.11, "mu[277]": 8370.54, "mu[278]": 7347.7, "mu[279]": 8159.8, "mu[280]": 7590.87, "mu[281]": 7197.47, "mu[282]": 7649.23, "mu[283]": 6824.38, "mu[284]": 10102.0, "mu[285]": 6671.08, "mu[286]": 9143.59, "mu[287]": 9026.17, "mu[288]": 8382.64, "mu[289]": 7880.37, "mu[290]": 8419.26, "mu[291]": 8781.0, "mu[292]": 8957.05, "mu[293]": 8074.82, "mu[294]": 7953.46, "mu[295]": 7239.42, "mu[296]": 7693.3, "mu[297]": 6911.68, "mu[298]": 8819.63, "mu[299]": 8085.79, "mu[300]": 9666.97, "mu[301]": 9110.89, "mu[302]": 9758.5, "mu[303]": 9120.0, "mu[304]": 10065.6, "mu[305]": 7276.57, "mu[306]": 6657.97, "mu[307]": 8183.31, "mu[308]": 7222.86, "mu[309]": 8420.63, "mu[310]": 8745.46, "mu[311]": 6657.45, "mu[312]": 6609.01, "mu[313]": 7805.08, "mu[314]": 8809.19, "mu[315]": 7759.12, "mu[316]": 9109.4, "mu[317]": 6439.72, "mu[318]": 8293.47, "mu[319]": 8490.44, "mu[320]": 8324.81, "mu[321]": 9393.12, "mu[322]": 10344.2, "mu[323]": 8687.98, "mu[324]": 10669.7, "mu[325]": 8174.46, "mu[326]": 7332.98, "mu[327]": 9157.36, "mu[328]": 9332.22, "mu[329]": 9164.08, "mu[330]": 10613.6, "mu[331]": 9526.73, "mu[332]": 8261.5, "mu[333]": 8581.34, "mu[334]": 8804.01, "mu[335]": 7619.36, "mu[336]": 8444.71, "mu[337]": 7745.31, "mu[338]": 8293.16, "mu[339]": 8212.7, "mu[340]": 9140.63, "mu[341]": 9327.02, "mu[342]": 8729.85, "mu[343]": 7525.8, "mu[344]": 8275.8,